po_id,sku,supplier_id,order_date,expected_date,delivered_date,quantity,unit_price
PO-P111-0001,P111,S2,2023-01-03,2023-01-18,2023-01-17,2500,70.54
PO-P108-0001,P108,S6,2023-01-04,2023-01-22,2023-01-30,270,418.88
PO-P109-0001,P109,S2,2023-01-04,2023-01-20,2023-01-21,1205,27.85
PO-P110-0001,P110,S2,2023-01-04,2023-01-22,2023-01-16,400,159.2
PO-P107-0001,P107,S4,2023-01-05,2023-01-20,2023-01-25,445,96.58
PO-P112-0001,P112,S6,2023-01-05,2023-01-21,2023-01-15,515,132.59
PO-P105-0001,P105,S4,2023-01-06,2023-01-20,2023-01-19,545,146.69
PO-P104-0001,P104,S4,2023-01-11,2023-01-23,2023-01-23,1180,61.21
PO-P106-0001,P106,S4,2023-01-13,2023-01-24,2023-01-23,830,19.04
PO-P103-0001,P103,S5,2023-01-16,2023-01-26,2023-01-26,485,25.42
PO-P102-0001,P102,S5,2023-01-16,2023-01-25,2023-01-22,920,7.88
PO-P110-0002,P110,S2,2023-01-23,2023-02-10,2023-02-09,415,160.26
PO-P101-0001,P101,S3,2023-01-23,2023-01-28,2023-01-25,725,4.2
PO-P105-0002,P105,S4,2023-02-07,2023-01-24,2023-02-02,530,147.19
PO-P102-0002,P102,S5,2023-01-24,2023-02-02,2023-01-31,975,7.84
PO-P106-0002,P106,S4,2023-01-25,2023-02-05,2023-02-05,860,20.06
PO-P107-0002,P107,S4,2023-01-25,2023-02-09,2023-02-07,415,95.09
PO-P103-0002,P103,S5,2023-01-26,2023-02-05,2023-02-03,545,25.7
PO-P112-0002,P112,S6,2023-01-26,2023-02-11,2023-02-09,485,133.61
PO-P104-0002,P104,S4,2023-01-26,2023-02-07,2023-02-09,1110,59.43
PO-P111-0002,P111,S2,2023-01-27,2023-02-11,2023-02-09,1850,69.54
PO-P101-0002,P101,S3,2023-01-28,2023-02-02,2023-02-01,700,4.15
PO-P109-0002,P109,S2,2023-01-30,2023-02-15,2023-02-12,975,27.8
PO-P108-0002,P108,S6,2023-01-30,2023-02-17,2023-02-26,260,423.39
PO-P101-0003,P101,S3,2023-02-03,2023-02-08,2023-02-07,680,4.25
PO-P103-0003,P103,S5,2023-02-03,2023-02-13,2023-02-10,660,25.9
PO-P102-0003,P102,S5,2023-02-05,2023-02-14,2023-02-09,975,7.65
PO-P106-0003,P106,S4,2023-02-07,2023-02-18,2023-02-14,830,20.12
PO-P101-0004,P101,S3,2023-02-09,2023-02-14,2023-02-15,695,4.16
PO-P104-0003,P104,S4,2023-02-09,2023-02-21,2023-02-17,1135,57.55
PO-P105-0003,P105,S4,2023-02-10,2023-02-24,2023-02-19,505,146.63
PO-P107-0003,P107,S4,2023-02-10,2023-02-25,2023-02-22,430,94.24
PO-P112-0003,P112,S6,2023-02-12,2023-02-28,2023-02-27,510,131.17
PO-P109-0003,P109,S2,2023-02-15,2023-03-03,2023-03-05,1015,27.98
PO-P103-0004,P103,S5,2023-02-15,2023-02-25,2023-02-26,615,24.07
PO-P101-0005,P101,S3,2023-02-15,2023-02-20,2023-02-20,685,4.16
PO-P106-0004,P106,S4,2023-02-17,2023-02-28,2023-03-05,910,20.52
PO-P111-0003,P111,S2,2023-02-17,2023-03-04,2023-03-05,1705,68.46
PO-P102-0004,P102,S5,2023-02-17,2023-02-26,2023-02-26,875,7.76
PO-P110-0003,P110,S2,2023-02-19,2023-03-09,2023-03-10,350,162.98
PO-P104-0004,P104,S4,2023-02-21,2023-03-05,2023-03-09,1190,58.51
PO-P101-0006,P101,S3,2023-02-21,2023-02-26,2023-02-27,710,4.31
PO-P108-0003,P108,S6,2023-02-26,2023-03-16,2023-03-17,255,415.74
PO-P101-0007,P101,S3,2023-02-27,2023-03-04,2023-03-06,735,4.2
PO-P105-0004,P105,S4,2023-02-28,2023-03-14,2023-03-13,495,149.14
PO-P102-0005,P102,S5,2023-03-01,2023-03-10,2023-03-07,855,8.09
PO-P103-0005,P103,S5,2023-03-01,2023-03-11,2023-03-13,565,24.8
PO-P107-0004,P107,S4,2023-03-02,2023-03-17,2023-03-17,400,95.01
PO-P101-0008,P101,S3,2023-03-06,2023-03-11,2023-03-11,725,4.15
PO-P106-0005,P106,S4,2023-03-07,2023-03-18,2023-03-13,775,19.65
PO-P111-0004,P111,S2,2023-03-08,2023-03-23,2023-03-24,1645,71.59
PO-P104-0005,P104,S4,2023-03-09,2023-03-21,2023-03-21,1230,56.09
PO-P102-0006,P102,S5,2023-03-09,2023-03-18,2023-03-21,910,7.8
PO-P109-0004,P109,S2,2023-03-10,2023-03-26,2023-04-01,890,28.93
PO-P112-0004,P112,S6,2023-03-10,2023-03-26,2023-03-28,420,135.42
PO-P101-0009,P101,S3,2023-03-11,2023-03-16,2023-03-14,740,4.14
PO-P110-0004,P110,S2,2023-03-13,2023-03-31,2023-04-05,345,160.02
PO-P103-0006,P103,S5,2023-03-15,2023-03-25,2023-03-28,510,24.96
PO-P105-0005,P105,S4,2023-03-16,2023-03-30,2023-03-30,470,148.54
PO-P101-0010,P101,S3,2023-03-16,2023-03-21,2023-03-21,720,4.11
PO-P108-0004,P108,S6,2023-03-17,2023-04-04,2023-04-06,260,404.4
PO-P106-0006,P106,S4,2023-03-18,2023-03-29,2023-03-27,805,19.54
PO-P107-0005,P107,S4,2023-03-21,2023-04-05,2023-04-07,395,97.95
PO-P102-0007,P102,S5,2023-03-21,2023-03-30,2023-03-31,925,7.67
PO-P104-0006,P104,S4,2023-03-22,2023-04-03,2023-04-09,1200,60.13
PO-P101-0011,P101,S3,2023-03-22,2023-03-27,2023-03-27,745,4.25
PO-P103-0007,P103,S5,2023-03-28,2023-04-07,2023-04-08,550,25.12
PO-P111-0005,P111,S2,2023-03-28,2023-04-12,2023-04-11,1495,68.75
PO-P101-0012,P101,S3,2023-03-28,2023-04-02,2023-04-04,715,4.24
PO-P106-0007,P106,S4,2023-03-31,2023-04-11,2023-04-07,785,19.95
PO-P102-0008,P102,S5,2023-03-31,2023-04-09,2023-04-08,925,7.98
PO-P112-0005,P112,S6,2023-04-03,2023-04-19,2023-04-17,370,129.1
PO-P105-0006,P105,S4,2023-04-03,2023-04-17,2023-04-17,460,149.91
PO-P109-0005,P109,S2,2023-04-04,2023-04-20,2023-04-19,760,27.97
PO-P101-0013,P101,S3,2023-04-04,2023-04-09,2023-04-07,770,4.33
PO-P101-0014,P101,S3,2023-04-07,2023-04-12,2023-04-10,845,4.2
PO-P110-0005,P110,S2,2023-04-08,2023-04-26,2023-04-26,290,157.12
PO-P103-0008,P103,S5,2023-04-09,2023-04-19,2023-04-21,485,25.8
PO-P104-0007,P104,S4,2023-04-09,2023-04-21,2023-04-25,1210,56.91
PO-P102-0009,P102,S5,2023-04-10,2023-04-19,2023-04-23,935,7.47
PO-P107-0006,P107,S4,2023-04-11,2023-04-26,2023-04-26,345,95.8
PO-P108-0005,P108,S6,2023-04-11,2023-04-29,2023-04-29,245,397.45
PO-P101-0015,P101,S3,2023-04-11,2023-04-16,2023-04-15,935,4.17
PO-P106-0008,P106,S4,2023-04-14,2023-04-25,2023-04-27,740,20.36
PO-P111-0006,P111,S2,2023-04-14,2023-04-29,2023-04-24,1490,70.64
PO-P101-0016,P101,S3,2023-04-18,2023-04-23,2023-04-24,885,4.08
PO-P105-0007,P105,S4,2023-04-18,2023-05-02,2023-05-01,470,144.19
PO-P109-0006,P109,S2,2023-04-19,2023-05-05,2023-05-02,815,28.39
PO-P112-0006,P112,S6,2023-04-20,2023-05-06,2023-05-05,375,135.71
PO-P103-0009,P103,S5,2023-04-21,2023-05-01,2023-05-11,520,24.0
PO-P102-0010,P102,S5,2023-04-23,2023-05-02,2023-05-03,930,7.7
PO-P104-0008,P104,S4,2023-04-25,2023-05-07,2023-05-07,1060,58.88
PO-P101-0017,P101,S3,2023-04-26,2023-05-01,2023-05-02,720,4.15
PO-P107-0007,P107,S4,2023-04-26,2023-05-11,2023-05-09,365,96.27
PO-P106-0009,P106,S4,2023-04-27,2023-05-08,2023-05-03,745,20.18
PO-P110-0006,P110,S2,2023-04-28,2023-05-16,2023-05-16,290,163.49
PO-P111-0007,P111,S2,2023-05-02,2023-05-17,2023-05-16,1530,69.44
PO-P101-0018,P101,S3,2023-05-03,2023-05-08,2023-05-09,710,4.2
PO-P102-0011,P102,S5,2023-05-04,2023-05-13,2023-05-14,870,7.72
PO-P108-0006,P108,S6,2023-05-04,2023-05-22,2023-05-29,225,416.43
PO-P105-0008,P105,S4,2023-05-08,2023-05-22,2023-05-20,430,150.2
PO-P112-0007,P112,S6,2023-05-09,2023-05-25,2023-05-21,390,133.53
PO-P104-0009,P104,S4,2023-05-09,2023-05-21,2023-05-19,1045,58.0
PO-P101-0019,P101,S3,2023-05-09,2023-05-14,2023-05-15,725,4.19
PO-P106-0010,P106,S4,2023-05-10,2023-05-21,2023-05-21,740,20.27
PO-P109-0007,P109,S2,2023-05-10,2023-05-26,2023-06-04,750,28.2
PO-P103-0010,P103,S5,2023-05-11,2023-05-21,2023-05-17,500,24.39
PO-P107-0008,P107,S4,2023-05-13,2023-05-28,2023-05-24,375,96.59
PO-P102-0012,P102,S5,2023-05-14,2023-05-23,2023-05-21,890,7.74
PO-P101-0020,P101,S3,2023-05-15,2023-05-20,2023-05-20,770,4.29
PO-P111-0008,P111,S2,2023-05-18,2023-06-02,2023-06-04,1545,70.53
PO-P110-0007,P110,S2,2023-05-20,2023-06-07,2023-05-29,285,156.83
PO-P101-0021,P101,S3,2023-05-20,2023-05-25,2023-05-23,775,4.22
PO-P103-0011,P103,S5,2023-05-22,2023-06-01,2023-05-30,495,25.91
PO-P104-0010,P104,S4,2023-05-24,2023-06-05,2023-06-04,1000,58.75
PO-P106-0011,P106,S4,2023-05-25,2023-06-05,2023-06-03,680,20.09
PO-P101-0022,P101,S3,2023-05-25,2023-05-30,2023-05-31,795,4.0
PO-P102-0013,P102,S5,2023-05-25,2023-06-03,2023-05-31,830,7.85
PO-P105-0009,P105,S4,2023-05-26,2023-06-09,2023-06-04,405,149.58
PO-P112-0008,P112,S6,2023-05-26,2023-06-11,2023-06-14,400,134.79
PO-P108-0007,P108,S6,2023-05-29,2023-06-16,2023-06-21,220,408.93
PO-P101-0023,P101,S3,2023-05-31,2023-06-05,2023-06-04,780,4.18
PO-P107-0009,P107,S4,2023-06-02,2023-06-17,2023-06-17,350,93.83
PO-P103-0012,P103,S5,2023-06-02,2023-06-12,2023-06-09,510,25.15
PO-P109-0008,P109,S2,2023-06-04,2023-06-20,2023-06-18,845,27.88
PO-P102-0014,P102,S5,2023-06-06,2023-06-15,2023-06-14,810,7.95
PO-P106-0012,P106,S4,2023-06-07,2023-06-18,2023-06-17,690,19.68
PO-P111-0009,P111,S2,2023-06-07,2023-06-22,2023-06-20,1495,70.49
PO-P101-0024,P101,S3,2023-06-07,2023-06-12,2023-06-12,725,4.25
PO-P104-0011,P104,S4,2023-06-08,2023-06-20,2023-06-18,945,58.27
PO-P110-0008,P110,S2,2023-06-10,2023-06-28,2023-06-30,285,160.33
PO-P105-0010,P105,S4,2023-06-10,2023-06-24,2023-06-21,415,150.68
PO-P101-0025,P101,S3,2023-06-13,2023-06-18,2023-06-17,750,4.16
PO-P103-0013,P103,S5,2023-06-13,2023-06-23,2023-06-23,525,25.7
PO-P102-0015,P102,S5,2023-06-16,2023-06-25,2023-06-18,800,7.7
PO-P112-0009,P112,S6,2023-06-16,2023-07-02,2023-06-30,410,137.31
PO-P106-0013,P106,S4,2023-06-19,2023-06-30,2023-06-26,710,19.92
PO-P107-0010,P107,S4,2023-06-19,2023-07-04,2023-07-07,350,92.18
PO-P101-0026,P101,S3,2023-06-19,2023-06-24,2023-06-24,750,4.25
PO-P109-0009,P109,S2,2023-06-19,2023-07-05,2023-07-05,845,27.6
PO-P104-0012,P104,S4,2023-06-21,2023-07-03,2023-07-02,975,58.91
PO-P108-0008,P108,S6,2023-06-22,2023-07-10,2023-07-03,195,417.83
PO-P101-0027,P101,S3,2023-06-24,2023-06-29,2023-06-30,775,3.94
PO-P111-0010,P111,S2,2023-06-26,2023-07-11,2023-07-16,1395,71.76
PO-P102-0016,P102,S5,2023-06-26,2023-07-05,2023-07-05,830,7.98
PO-P103-0014,P103,S5,2023-06-27,2023-07-07,2023-07-04,475,24.37
PO-P105-0011,P105,S4,2023-06-28,2023-07-12,2023-07-14,400,150.51
PO-P110-0009,P110,S2,2023-06-30,2023-07-18,2023-07-22,410,162.28
PO-P101-0028,P101,S3,2023-06-30,2023-07-05,2023-07-03,770,4.15
PO-P106-0014,P106,S4,2023-07-04,2023-07-15,2023-07-13,650,20.0
PO-P102-0017,P102,S5,2023-07-05,2023-07-14,2023-07-11,855,7.83
PO-P112-0010,P112,S6,2023-07-05,2023-07-21,2023-07-26,375,134.92
PO-P109-0010,P109,S2,2023-07-05,2023-07-21,2023-07-21,895,28.42
PO-P101-0029,P101,S3,2023-07-06,2023-07-11,2023-07-08,720,4.2
PO-P104-0013,P104,S4,2023-07-08,2023-07-20,2023-07-19,885,58.66
PO-P108-0009,P108,S6,2023-07-10,2023-07-28,2023-07-30,210,416.51
PO-P107-0011,P107,S4,2023-07-11,2023-07-26,2023-07-29,310,96.36
PO-P103-0015,P103,S5,2023-07-11,2023-07-21,2023-07-29,425,25.6
PO-P101-0030,P101,S3,2023-07-12,2023-07-17,2023-07-18,735,4.24
PO-P106-0015,P106,S4,2023-07-13,2023-07-24,2023-07-26,755,19.66
PO-P105-0012,P105,S4,2023-07-14,2023-07-28,2023-07-26,390,146.08
PO-P111-0011,P111,S2,2023-07-16,2023-07-31,2023-07-30,1500,68.33
PO-P102-0018,P102,S5,2023-07-18,2023-07-27,2023-07-22,765,7.58
PO-P101-0031,P101,S3,2023-07-18,2023-07-23,2023-07-23,800,4.39
PO-P104-0014,P104,S4,2023-07-19,2023-07-31,2023-07-28,1000,56.81
PO-P101-0032,P101,S3,2023-07-24,2023-07-29,2023-07-30,765,4.24
PO-P109-0011,P109,S2,2023-07-25,2023-08-10,2023-08-02,875,28.23
PO-P102-0019,P102,S5,2023-07-26,2023-08-04,2023-08-04,830,7.84
PO-P112-0011,P112,S6,2023-07-26,2023-08-11,2023-08-13,425,131.9
PO-P110-0010,P110,S2,2023-07-26,2023-08-13,2023-08-11,325,165.3
PO-P107-0012,P107,S4,2023-07-29,2023-08-13,2023-08-16,305,97.93
PO-P103-0016,P103,S5,2023-07-29,2023-08-08,2023-08-08,455,25.27
PO-P106-0016,P106,S4,2023-07-29,2023-08-09,2023-08-04,635,19.63
PO-P108-0010,P108,S6,2023-07-30,2023-08-17,2023-08-21,220,423.27
PO-P111-0012,P111,S2,2023-07-30,2023-08-14,2023-08-18,1600,71.65
PO-P101-0033,P101,S3,2023-07-31,2023-08-05,2023-08-06,665,4.16
PO-P105-0013,P105,S4,2023-07-31,2023-08-14,2023-08-13,395,146.72
PO-P104-0015,P104,S4,2023-08-04,2023-08-16,2023-08-16,905,55.53
PO-P101-0034,P101,S3,2023-08-06,2023-08-11,2023-08-12,745,4.42
PO-P102-0020,P102,S5,2023-08-08,2023-08-17,2023-08-15,755,7.56
PO-P103-0017,P103,S5,2023-08-09,2023-08-19,2023-08-19,430,24.86
PO-P106-0017,P106,S4,2023-08-10,2023-08-21,2023-08-18,665,20.29
PO-P109-0012,P109,S2,2023-08-10,2023-08-26,2023-08-21,945,26.99
PO-P110-0011,P110,S2,2023-08-11,2023-08-29,2023-09-01,360,165.84
PO-P101-0035,P101,S3,2023-08-12,2023-08-17,2023-08-16,745,4.17
PO-P112-0012,P112,S6,2023-08-13,2023-08-29,2023-09-02,515,131.83
PO-P107-0013,P107,S4,2023-08-16,2023-08-31,2023-08-31,340,92.11
PO-P104-0016,P104,S4,2023-08-16,2023-08-28,2023-08-26,980,57.48
PO-P102-0021,P102,S5,2023-08-17,2023-08-26,2023-08-25,785,7.69
PO-P105-0014,P105,S4,2023-08-17,2023-08-31,2023-09-01,365,149.18
PO-P101-0036,P101,S3,2023-08-18,2023-08-23,2023-08-22,695,3.97
PO-P111-0013,P111,S2,2023-08-18,2023-09-02,2023-08-29,1885,69.46
PO-P108-0011,P108,S6,2023-08-21,2023-09-08,2023-09-14,230,408.04
PO-P103-0018,P103,S5,2023-08-22,2023-09-01,2023-09-04,415,24.66
PO-P106-0018,P106,S4,2023-08-23,2023-09-03,2023-09-08,645,20.54
PO-P109-0013,P109,S2,2023-08-23,2023-09-08,2023-09-06,1085,28.17
PO-P101-0037,P101,S3,2023-08-24,2023-08-29,2023-08-28,675,4.16
PO-P102-0022,P102,S5,2023-08-28,2023-09-06,2023-09-06,770,7.75
PO-P104-0017,P104,S4,2023-08-29,2023-09-10,2023-09-09,1030,58.92
PO-P101-0038,P101,S3,2023-08-29,2023-09-03,2023-09-05,725,4.31
PO-P107-0014,P107,S4,2023-08-31,2023-09-15,2023-09-17,360,94.44
PO-P110-0012,P110,S2,2023-09-01,2023-09-19,2023-09-13,395,161.51
PO-P111-0014,P111,S2,2023-09-01,2023-09-16,2023-09-18,1825,69.1
PO-P105-0015,P105,S4,2023-09-01,2023-09-15,2023-09-19,395,142.56
PO-P112-0013,P112,S6,2023-09-02,2023-09-18,2023-09-22,490,133.99
PO-P103-0019,P103,S5,2023-09-04,2023-09-14,2023-09-14,415,24.89
PO-P101-0039,P101,S3,2023-09-05,2023-09-10,2023-09-10,810,4.22
PO-P102-0023,P102,S5,2023-09-08,2023-09-17,2023-09-18,775,7.66
PO-P106-0019,P106,S4,2023-09-08,2023-09-19,2023-09-22,780,20.09
PO-P101-0040,P101,S3,2023-09-10,2023-09-15,2023-09-16,795,4.24
PO-P109-0014,P109,S2,2023-09-11,2023-09-27,2023-09-21,1135,28.0
PO-P104-0018,P104,S4,2023-09-13,2023-09-25,2023-09-27,970,60.01
PO-P108-0012,P108,S6,2023-09-14,2023-10-02,2023-10-04,275,409.35
PO-P103-0020,P103,S5,2023-09-14,2023-09-24,2023-09-26,450,25.23
PO-P110-0013,P110,S2,2023-09-14,2023-10-02,2023-10-06,445,164.81
PO-P101-0041,P101,S3,2023-09-16,2023-09-21,2023-09-21,785,4.23
PO-P107-0015,P107,S4,2023-09-18,2023-10-03,2023-10-01,340,94.88
PO-P111-0015,P111,S2,2023-09-18,2023-10-03,2023-09-30,1900,68.17
PO-P105-0016,P105,S4,2023-09-19,2023-10-03,2023-10-12,415,147.19
PO-P102-0024,P102,S5,2023-09-19,2023-09-28,2023-09-27,755,7.69
PO-P112-0014,P112,S6,2023-09-22,2023-10-08,2023-10-08,555,133.62
PO-P106-0020,P106,S4,2023-09-22,2023-10-03,2023-10-05,685,19.85
PO-P101-0042,P101,S3,2023-09-23,2023-09-28,2023-09-30,700,4.24
PO-P103-0021,P103,S5,2023-09-26,2023-10-06,2023-09-28,480,25.35
PO-P104-0019,P104,S4,2023-09-27,2023-10-09,2023-10-10,980,57.09
PO-P109-0015,P109,S2,2023-09-28,2023-10-14,2023-10-15,1140,27.7
PO-P102-0025,P102,S5,2023-09-28,2023-10-07,2023-10-14,780,7.55
PO-P101-0043,P101,S3,2023-09-30,2023-10-05,2023-10-06,700,4.2
PO-P107-0016,P107,S4,2023-10-01,2023-10-16,2023-10-19,400,95.56
PO-P111-0016,P111,S2,2023-10-03,2023-10-18,2023-10-15,2005,67.82
PO-P108-0013,P108,S6,2023-10-04,2023-10-22,2023-10-13,265,422.27
PO-P106-0021,P106,S4,2023-10-05,2023-10-16,2023-10-14,775,19.93
PO-P110-0014,P110,S2,2023-10-06,2023-10-24,2023-10-22,425,165.48
PO-P101-0044,P101,S3,2023-10-06,2023-10-11,2023-10-08,710,4.01
PO-P103-0022,P103,S5,2023-10-07,2023-10-17,2023-10-18,430,25.07
PO-P112-0015,P112,S6,2023-10-09,2023-10-25,2023-10-28,535,130.81
PO-P101-0045,P101,S3,2023-10-11,2023-10-16,2023-10-17,700,4.28
PO-P104-0020,P104,S4,2023-10-11,2023-10-23,2023-10-24,950,57.68
PO-P105-0017,P105,S4,2023-10-12,2023-10-26,2023-10-20,440,143.55
PO-P102-0026,P102,S5,2023-10-14,2023-10-23,2023-10-18,795,7.67
PO-P109-0016,P109,S2,2023-10-15,2023-10-31,2023-11-02,1215,28.64
PO-P106-0022,P106,S4,2023-10-16,2023-10-27,2023-10-24,745,20.07
PO-P111-0017,P111,S2,2023-10-17,2023-11-01,2023-10-30,2175,68.31
PO-P101-0046,P101,S3,2023-10-18,2023-10-23,2023-10-22,695,4.22
PO-P107-0017,P107,S4,2023-10-19,2023-11-03,2023-11-11,380,97.05
PO-P103-0023,P103,S5,2023-10-19,2023-10-29,2023-10-28,430,25.07
PO-P110-0015,P110,S2,2023-10-22,2023-11-09,2023-11-04,555,161.35
PO-P104-0021,P104,S4,2023-10-24,2023-11-05,2023-11-06,1065,57.9
PO-P105-0018,P105,S4,2023-10-24,2023-11-07,2023-11-05,460,148.27
PO-P102-0027,P102,S5,2023-10-24,2023-11-02,2023-11-02,790,7.6
PO-P108-0014,P108,S6,2023-10-24,2023-11-11,2023-11-13,265,418.92
PO-P101-0047,P101,S3,2023-10-24,2023-10-29,2023-11-01,655,4.21
PO-P106-0023,P106,S4,2023-10-25,2023-11-05,2023-10-31,815,20.09
PO-P112-0016,P112,S6,2023-10-28,2023-11-13,2023-11-13,590,131.65
PO-P103-0024,P103,S5,2023-10-30,2023-11-09,2023-11-04,455,24.63
PO-P101-0048,P101,S3,2023-11-01,2023-11-06,2023-11-12,700,4.29
PO-P102-0028,P102,S5,2023-11-02,2023-11-11,2023-11-07,815,7.8
PO-P109-0017,P109,S2,2023-11-02,2023-11-18,2023-11-16,1185,27.86
PO-P111-0018,P111,S2,2023-11-03,2023-11-18,2023-11-16,2150,67.59
PO-P104-0022,P104,S4,2023-11-06,2023-11-18,2023-11-16,1075,57.7
PO-P106-0024,P106,S4,2023-11-07,2023-11-18,2023-11-16,820,19.43
PO-P103-0025,P103,S5,2023-11-08,2023-11-18,2023-11-22,490,25.29
PO-P105-0019,P105,S4,2023-11-10,2023-11-24,2023-11-27,455,143.2
PO-P102-0029,P102,S5,2023-11-11,2023-11-20,2023-11-26,850,7.65
PO-P107-0018,P107,S4,2023-11-11,2023-11-26,2023-11-21,455,96.29
PO-P101-0049,P101,S3,2023-11-12,2023-11-17,2023-11-18,715,4.18
PO-P108-0015,P108,S6,2023-11-13,2023-12-01,2023-12-02,280,417.59
PO-P112-0017,P112,S6,2023-11-14,2023-11-30,2023-11-24,610,129.78
PO-P104-0023,P104,S4,2023-11-16,2023-11-28,2023-11-26,1120,59.46
PO-P110-0016,P110,S2,2023-11-16,2023-12-04,2023-12-03,470,162.49
PO-P101-0050,P101,S3,2023-11-18,2023-11-23,2023-11-23,750,4.27
PO-P111-0019,P111,S2,2023-11-20,2023-12-05,2023-12-12,2285,69.84
PO-P109-0018,P109,S2,2023-11-20,2023-12-06,2023-12-05,1250,27.04
PO-P106-0025,P106,S4,2023-11-21,2023-12-02,2023-12-03,790,20.0
PO-P103-0026,P103,S5,2023-11-22,2023-12-02,2023-11-30,455,25.65
PO-P101-0051,P101,S3,2023-11-23,2023-11-28,2023-11-26,755,4.14
PO-P107-0019,P107,S4,2023-11-24,2023-12-09,2023-12-11,440,95.3
PO-P102-0030,P102,S5,2023-11-26,2023-12-05,2023-12-03,835,7.94
PO-P105-0020,P105,S4,2023-11-27,2023-12-11,2023-12-12,490,147.71
PO-P101-0052,P101,S3,2023-11-29,2023-12-04,2023-12-05,735,4.25
PO-P104-0024,P104,S4,2023-11-30,2023-12-12,2023-12-14,1190,55.52
PO-P103-0027,P103,S5,2023-12-01,2023-12-11,2023-12-04,485,25.15
PO-P108-0016,P108,S6,2023-12-02,2023-12-20,2023-12-16,290,412.58
PO-P112-0018,P112,S6,2023-12-02,2023-12-18,2023-12-15,585,134.72
PO-P106-0026,P106,S4,2023-12-04,2023-12-15,2023-12-15,775,19.3
PO-P110-0017,P110,S2,2023-12-04,2023-12-22,2023-12-27,510,160.49
PO-P102-0031,P102,S5,2023-12-06,2023-12-15,2023-12-12,815,7.74
PO-P101-0053,P101,S3,2023-12-06,2023-12-11,2023-12-11,675,4.22
PO-P109-0019,P109,S2,2023-12-09,2023-12-25,2023-12-22,1205,27.84
PO-P101-0054,P101,S3,2023-12-12,2023-12-17,2023-12-15,670,4.21
PO-P105-0021,P105,S4,2023-12-12,2023-12-26,2023-12-25,515,145.95
PO-P103-0028,P103,S5,2023-12-12,2023-12-22,2023-12-22,500,24.25
PO-P111-0020,P111,S2,2023-12-13,2023-12-28,2024-01-01,1880,70.21
PO-P104-0025,P104,S4,2023-12-14,2023-12-26,2023-12-25,1190,57.85
PO-P107-0020,P107,S4,2023-12-15,2023-12-30,2023-12-28,410,97.21
PO-P102-0032,P102,S5,2023-12-15,2023-12-24,2023-12-21,830,7.39
PO-P106-0027,P106,S4,2023-12-16,2023-12-27,2023-12-29,780,19.69
PO-P101-0055,P101,S3,2023-12-17,2023-12-22,2023-12-22,710,4.33
PO-P108-0017,P108,S6,2023-12-21,2024-01-08,2024-01-05,300,401.82
PO-P103-0029,P103,S5,2023-12-22,2024-01-01,2023-12-29,560,24.79
PO-P101-0056,P101,S3,2023-12-22,2023-12-27,2023-12-28,735,4.17
PO-P112-0019,P112,S6,2023-12-22,2024-01-07,2024-01-05,545,129.02
PO-P104-0026,P104,S4,2023-12-25,2024-01-06,2024-01-10,1255,56.79
PO-P102-0033,P102,S5,2023-12-25,2024-01-03,2024-01-02,995,7.93
PO-P101-0057,P101,S3,2023-12-28,2024-01-02,2024-01-02,775,4.32
PO-P109-0020,P109,S2,2023-12-28,2024-01-13,2024-01-10,1195,27.3
PO-P105-0022,P105,S4,2023-12-28,2024-01-11,2024-01-09,475,145.92
PO-P110-0018,P110,S2,2023-12-29,2024-01-16,2024-01-17,450,164.41
PO-P107-0021,P107,S4,2023-12-29,2024-01-13,2024-01-13,455,94.45
PO-P106-0028,P106,S4,2023-12-29,2024-01-09,2024-01-09,830,20.35
PO-P111-0021,P111,S2,2024-01-01,2024-01-16,2024-01-12,2005,68.76
PO-P102-0034,P102,S5,2024-01-02,2024-01-11,2024-01-06,1020,7.93
PO-P101-0058,P101,S3,2024-01-02,2024-01-07,2024-01-08,780,4.13
PO-P103-0030,P103,S5,2024-01-04,2024-01-14,2024-01-16,495,25.33
PO-P112-0020,P112,S6,2024-01-08,2024-01-24,2024-01-21,585,134.14
PO-P101-0059,P101,S3,2024-01-09,2024-01-14,2024-01-15,745,4.18
PO-P104-0027,P104,S4,2024-01-10,2024-01-22,2024-01-18,1260,56.88
PO-P106-0029,P106,S4,2024-01-10,2024-01-21,2024-01-19,835,19.38
PO-P105-0023,P105,S4,2024-01-10,2024-01-24,2024-01-20,510,144.65
PO-P108-0018,P108,S6,2024-01-11,2024-01-29,2024-01-28,295,412.08
PO-P111-0022,P111,S2,2024-01-12,2024-01-27,2024-02-02,2295,70.01
PO-P102-0035,P102,S5,2024-01-14,2024-01-23,2024-02-01,935,7.96
PO-P107-0022,P107,S4,2024-01-16,2024-01-31,2024-02-09,445,95.63
PO-P101-0060,P101,S3,2024-01-16,2024-01-21,2024-01-20,695,4.17
PO-P103-0031,P103,S5,2024-01-16,2024-01-26,2024-01-26,505,25.11
PO-P109-0021,P109,S2,2024-01-16,2024-02-01,2024-02-05,1155,27.77
PO-P104-0028,P104,S4,2024-01-20,2024-02-01,2024-01-31,1335,59.06
PO-P101-0061,P101,S3,2024-01-20,2024-01-25,2024-01-22,740,4.14
PO-P106-0030,P106,S4,2024-01-22,2024-02-02,2024-01-31,855,19.61
PO-P110-0019,P110,S2,2024-01-23,2024-02-10,2024-02-12,395,163.46
PO-P101-0062,P101,S3,2024-01-25,2024-01-30,2024-01-30,750,4.18
PO-P103-0032,P103,S5,2024-01-26,2024-02-05,2024-02-07,565,25.39
PO-P105-0024,P105,S4,2024-01-29,2024-02-12,2024-02-06,495,152.29
PO-P104-0029,P104,S4,2024-01-31,2024-02-12,2024-02-13,1510,58.84
PO-P112-0021,P112,S6,2024-02-01,2024-02-17,2024-02-20,495,134.62
PO-P101-0063,P101,S3,2024-02-01,2024-02-06,2024-02-07,740,4.16
PO-P102-0036,P102,S5,2024-02-01,2024-02-10,2024-02-06,1000,7.68
PO-P108-0019,P108,S6,2024-02-02,2024-02-20,2024-03-01,310,415.67
PO-P111-0023,P111,S2,2024-02-02,2024-02-17,2024-02-12,2260,69.6
PO-P109-0022,P109,S2,2024-02-06,2024-02-22,2024-02-21,1085,28.0
PO-P103-0033,P103,S5,2024-02-07,2024-02-17,2024-02-12,520,25.37
PO-P106-0031,P106,S4,2024-02-07,2024-02-18,2024-02-16,765,19.69
PO-P101-0064,P101,S3,2024-02-07,2024-02-12,2024-02-12,790,4.06
PO-P102-0037,P102,S5,2024-02-09,2024-02-18,2024-02-13,985,7.8
PO-P107-0023,P107,S4,2024-02-09,2024-02-24,2024-02-27,425,98.72
PO-P101-0065,P101,S3,2024-02-12,2024-02-17,2024-02-17,810,4.2
PO-P110-0020,P110,S2,2024-02-12,2024-03-01,2024-02-18,410,159.21
PO-P105-0025,P105,S4,2024-02-13,2024-02-27,2024-02-26,500,141.69
PO-P103-0034,P103,S5,2024-02-16,2024-02-26,2024-02-26,545,24.91
PO-P101-0066,P101,S3,2024-02-17,2024-02-22,2024-02-19,835,4.06
PO-P104-0030,P104,S4,2024-02-20,2024-03-03,2024-03-05,1335,55.87
PO-P106-0032,P106,S4,2024-02-20,2024-03-02,2024-03-01,765,20.33
PO-P112-0022,P112,S6,2024-02-20,2024-03-07,2024-02-29,525,128.46
PO-P102-0038,P102,S5,2024-02-21,2024-03-01,2024-02-27,925,7.52
PO-P101-0067,P101,S3,2024-02-24,2024-02-29,2024-02-29,750,4.1
PO-P109-0023,P109,S2,2024-02-26,2024-03-13,2024-03-09,1070,27.7
PO-P111-0024,P111,S2,2024-02-26,2024-03-12,2024-03-10,1855,67.5
PO-P103-0035,P103,S5,2024-02-27,2024-03-08,2024-03-12,575,25.39
PO-P107-0024,P107,S4,2024-02-27,2024-03-13,2024-03-13,435,95.2
PO-P105-0026,P105,S4,2024-02-28,2024-03-13,2024-03-13,520,146.03
PO-P108-0020,P108,S6,2024-03-01,2024-03-19,2024-03-23,300,417.4
PO-P106-0033,P106,S4,2024-03-01,2024-03-12,2024-03-11,815,19.43
PO-P101-0068,P101,S3,2024-03-02,2024-03-07,2024-03-06,705,4.15
PO-P102-0039,P102,S5,2024-03-02,2024-03-11,2024-03-05,950,7.94
PO-P110-0021,P110,S2,2024-03-04,2024-03-22,2024-03-22,415,162.07
PO-P104-0031,P104,S4,2024-03-05,2024-03-17,2024-03-15,1220,57.27
PO-P101-0069,P101,S3,2024-03-07,2024-03-12,2024-03-12,720,4.28
PO-P112-0023,P112,S6,2024-03-12,2024-03-28,2024-03-28,455,134.34
PO-P101-0070,P101,S3,2024-03-12,2024-03-17,2024-03-17,825,4.13
PO-P103-0036,P103,S5,2024-03-12,2024-03-22,2024-03-23,555,25.02
PO-P102-0040,P102,S5,2024-03-14,2024-03-23,2024-03-20,910,7.96
PO-P106-0034,P106,S4,2024-03-15,2024-03-26,2024-03-29,760,19.67
PO-P107-0025,P107,S4,2024-03-15,2024-03-30,2024-03-28,400,97.62
PO-P105-0027,P105,S4,2024-03-15,2024-03-29,2024-03-28,530,144.86
PO-P111-0025,P111,S2,2024-03-18,2024-04-02,2024-04-01,1650,68.37
PO-P101-0071,P101,S3,2024-03-18,2024-03-23,2024-03-21,825,4.17
PO-P104-0032,P104,S4,2024-03-19,2024-03-31,2024-04-03,1290,58.1
PO-P109-0024,P109,S2,2024-03-20,2024-04-05,2024-04-02,950,26.65
PO-P101-0072,P101,S3,2024-03-22,2024-03-27,2024-03-24,850,4.12
PO-P103-0037,P103,S5,2024-03-23,2024-04-02,2024-03-30,595,25.96
PO-P102-0041,P102,S5,2024-03-23,2024-04-01,2024-04-01,930,7.97
PO-P108-0021,P108,S6,2024-03-24,2024-04-11,2024-04-14,280,425.7
PO-P105-0028,P105,S4,2024-03-28,2024-04-11,2024-04-11,570,147.33
PO-P106-0035,P106,S4,2024-03-29,2024-04-09,2024-04-12,770,19.74
PO-P101-0073,P101,S3,2024-03-29,2024-04-03,2024-04-04,780,4.08
PO-P112-0024,P112,S6,2024-03-30,2024-04-15,2024-04-08,460,133.89
PO-P110-0022,P110,S2,2024-04-02,2024-04-20,2024-04-13,330,158.67
PO-P107-0026,P107,S4,2024-04-02,2024-04-17,2024-04-15,405,95.61
PO-P104-0033,P104,S4,2024-04-03,2024-04-15,2024-04-17,1330,58.2
PO-P102-0042,P102,S5,2024-04-04,2024-04-13,2024-04-17,915,7.8
PO-P111-0026,P111,S2,2024-04-04,2024-04-19,2024-04-21,1760,68.53
PO-P103-0038,P103,S5,2024-04-04,2024-04-14,2024-04-14,540,26.74
PO-P101-0074,P101,S3,2024-04-05,2024-04-10,2024-04-11,810,4.14
PO-P109-0025,P109,S2,2024-04-10,2024-04-26,2024-04-25,885,26.86
PO-P101-0075,P101,S3,2024-04-11,2024-04-16,2024-04-15,855,4.0
PO-P106-0036,P106,S4,2024-04-12,2024-04-23,2024-04-20,725,19.9
PO-P101-0076,P101,S3,2024-04-16,2024-04-21,2024-04-18,865,4.33
PO-P103-0039,P103,S5,2024-04-26,2024-04-16,2024-04-26,540,25.08
PO-P112-0025,P112,S6,2024-04-17,2024-05-03,2024-05-04,510,126.19
PO-P102-0043,P102,S5,2024-04-17,2024-04-26,2024-04-25,950,7.81
PO-P104-0034,P104,S4,2024-04-19,2024-05-01,2024-05-02,1115,57.67
PO-P105-0029,P105,S4,2024-04-19,2024-05-03,2024-05-07,475,150.53
PO-P108-0022,P108,S6,2024-04-19,2024-05-07,2024-05-11,240,414.65
PO-P110-0023,P110,S2,2024-04-21,2024-05-09,2024-05-12,345,159.07
PO-P106-0037,P106,S4,2024-04-22,2024-05-03,2024-05-02,800,20.81
PO-P107-0027,P107,S4,2024-04-22,2024-05-07,2024-05-03,395,97.46
PO-P101-0077,P101,S3,2024-04-23,2024-04-28,2024-04-27,800,4.3
PO-P111-0027,P111,S2,2024-04-24,2024-05-09,2024-05-05,1510,71.28
PO-P102-0044,P102,S5,2024-04-25,2024-05-04,2024-05-03,935,7.93
PO-P109-0026,P109,S2,2024-04-26,2024-05-12,2024-05-09,915,28.61
PO-P101-0078,P101,S3,2024-04-27,2024-05-02,2024-05-04,815,4.2
PO-P103-0040,P103,S5,2024-04-27,2024-05-07,2024-05-03,530,24.97
PO-P104-0035,P104,S4,2024-05-03,2024-05-15,2024-05-22,1070,59.7
PO-P101-0079,P101,S3,2024-05-04,2024-05-09,2024-05-11,855,4.29
PO-P102-0045,P102,S5,2024-05-05,2024-05-14,2024-05-17,985,7.75
PO-P105-0030,P105,S4,2024-05-07,2024-05-21,2024-05-16,510,153.36
PO-P106-0038,P106,S4,2024-05-08,2024-05-19,2024-05-17,690,19.65
PO-P103-0041,P103,S5,2024-05-10,2024-05-20,2024-05-17,505,25.98
PO-P101-0080,P101,S3,2024-05-11,2024-05-16,2024-05-14,805,4.18
PO-P108-0023,P108,S6,2024-05-11,2024-05-29,2024-05-21,220,413.85
PO-P112-0026,P112,S6,2024-05-11,2024-05-27,2024-05-30,420,132.43
PO-P107-0028,P107,S4,2024-05-11,2024-05-26,2024-05-22,360,94.51
PO-P111-0028,P111,S2,2024-05-13,2024-05-28,2024-05-30,1470,69.96
PO-P110-0024,P110,S2,2024-05-14,2024-06-01,2024-06-02,335,160.16
PO-P101-0081,P101,S3,2024-05-16,2024-05-21,2024-05-19,770,4.06
PO-P109-0027,P109,S2,2024-05-17,2024-06-02,2024-06-10,855,28.67
PO-P102-0046,P102,S5,2024-05-17,2024-05-26,2024-05-26,915,7.94
PO-P106-0039,P106,S4,2024-05-22,2024-06-02,2024-05-31,645,19.9
PO-P101-0082,P101,S3,2024-05-22,2024-05-27,2024-05-25,800,4.28
PO-P104-0036,P104,S4,2024-05-22,2024-06-03,2024-05-29,1135,58.89
PO-P103-0042,P103,S5,2024-05-23,2024-06-02,2024-06-02,490,25.56
PO-P107-0029,P107,S4,2024-05-24,2024-06-08,2024-06-05,400,98.14
PO-P105-0031,P105,S4,2024-05-26,2024-06-09,2024-06-10,430,148.72
PO-P108-0024,P108,S6,2024-05-28,2024-06-15,2024-06-19,245,396.7
PO-P101-0083,P101,S3,2024-05-28,2024-06-02,2024-06-01,800,4.25
PO-P102-0047,P102,S5,2024-05-29,2024-06-07,2024-06-05,845,7.73
PO-P111-0029,P111,S2,2024-05-30,2024-06-14,2024-06-18,1645,69.0
PO-P112-0027,P112,S6,2024-05-31,2024-06-16,2024-06-16,405,135.86
PO-P103-0043,P103,S5,2024-06-02,2024-06-12,2024-06-13,530,25.52
PO-P101-0084,P101,S3,2024-06-03,2024-06-08,2024-06-06,790,4.27
PO-P110-0025,P110,S2,2024-06-03,2024-06-21,2024-06-20,330,158.53
PO-P106-0040,P106,S4,2024-06-05,2024-06-16,2024-06-15,650,19.99
PO-P104-0037,P104,S4,2024-06-05,2024-06-17,2024-06-18,1050,58.46
PO-P101-0085,P101,S3,2024-06-09,2024-06-14,2024-06-20,780,4.16
PO-P109-0028,P109,S2,2024-06-10,2024-06-26,2024-06-22,835,28.86
PO-P102-0048,P102,S5,2024-06-10,2024-06-19,2024-06-18,820,7.76
PO-P105-0032,P105,S4,2024-06-12,2024-06-26,2024-06-23,420,152.51
PO-P103-0044,P103,S5,2024-06-15,2024-06-25,2024-06-25,475,25.55
PO-P106-0041,P106,S4,2024-06-16,2024-06-27,2024-06-28,670,19.99
PO-P102-0049,P102,S5,2024-06-18,2024-06-27,2024-06-29,855,7.86
PO-P112-0028,P112,S6,2024-06-18,2024-07-04,2024-07-04,415,133.01
PO-P111-0030,P111,S2,2024-06-18,2024-07-03,2024-06-23,1540,70.63
PO-P107-0030,P107,S4,2024-06-19,2024-07-04,2024-06-29,975,94.19
PO-P104-0038,P104,S4,2024-06-20,2024-07-02,2024-07-03,1000,57.18
PO-P101-0086,P101,S3,2024-06-20,2024-06-25,2024-06-26,790,4.16
PO-P108-0025,P108,S6,2024-06-21,2024-07-09,2024-07-28,235,403.76
PO-P110-0026,P110,S2,2024-06-21,2024-07-09,2024-07-08,360,157.8
PO-P109-0029,P109,S2,2024-06-22,2024-07-08,2024-07-08,925,27.67
PO-P101-0087,P101,S3,2024-06-26,2024-07-01,2024-06-30,795,4.13
PO-P103-0045,P103,S5,2024-06-26,2024-07-06,2024-07-06,495,25.95
PO-P105-0033,P105,S4,2024-06-30,2024-07-14,2024-07-09,395,153.12
PO-P106-0042,P106,S4,2024-07-01,2024-07-12,2024-07-11,670,20.03
PO-P111-0031,P111,S2,2024-07-01,2024-07-16,2024-07-23,1855,68.72
PO-P102-0050,P102,S5,2024-07-01,2024-07-10,2024-07-09,785,7.69
PO-P101-0088,P101,S3,2024-07-02,2024-07-07,2024-07-06,765,4.28
PO-P104-0039,P104,S4,2024-07-04,2024-07-16,2024-07-16,985,56.65
PO-P112-0029,P112,S6,2024-07-06,2024-07-22,2024-07-21,420,127.34
PO-P101-0089,P101,S3,2024-07-06,2024-07-11,2024-07-10,795,4.04
PO-P103-0046,P103,S5,2024-07-09,2024-07-19,2024-07-17,470,25.38
PO-P110-0027,P110,S2,2024-07-09,2024-07-27,2024-07-27,395,162.32
PO-P102-0051,P102,S5,2024-07-10,2024-07-19,2024-07-16,815,7.82
PO-P106-0043,P106,S4,2024-07-11,2024-07-22,2024-07-21,745,19.86
PO-P109-0030,P109,S2,2024-07-11,2024-07-27,2024-07-29,940,26.88
PO-P101-0090,P101,S3,2024-07-12,2024-07-17,2024-07-15,790,4.19
PO-P105-0034,P105,S4,2024-07-15,2024-07-29,2024-07-30,405,144.21
PO-P101-0091,P101,S3,2024-07-16,2024-07-21,2024-07-19,880,4.13
PO-P102-0052,P102,S5,2024-07-18,2024-07-27,2024-07-26,875,8.0
PO-P104-0040,P104,S4,2024-07-18,2024-07-30,2024-07-29,1000,58.48
PO-P103-0047,P103,S5,2024-07-22,2024-08-01,2024-07-29,450,25.0
PO-P111-0032,P111,S2,2024-07-23,2024-08-07,2024-08-15,1670,67.85
PO-P101-0092,P101,S3,2024-07-23,2024-07-28,2024-07-27,850,4.26
PO-P112-0030,P112,S6,2024-07-24,2024-08-09,2024-08-10,440,131.34
PO-P106-0044,P106,S4,2024-07-27,2024-08-07,2024-08-06,595,19.68
PO-P108-0026,P108,S6,2024-07-28,2024-08-15,2024-08-18,225,410.33
PO-P110-0028,P110,S2,2024-07-28,2024-08-15,2024-08-17,410,164.88
PO-P109-0031,P109,S2,2024-07-29,2024-08-14,2024-08-11,980,27.96
PO-P102-0053,P102,S5,2024-07-29,2024-08-07,2024-08-04,925,7.58
PO-P104-0041,P104,S4,2024-07-29,2024-08-10,2024-08-09,1110,59.45
PO-P101-0093,P101,S3,2024-07-30,2024-08-04,2024-08-04,760,4.16
PO-P105-0035,P105,S4,2024-07-31,2024-08-14,2024-08-11,415,148.67
PO-P103-0048,P103,S5,2024-08-02,2024-08-12,2024-08-10,455,24.85
PO-P101-0094,P101,S3,2024-08-06,2024-08-11,2024-08-11,725,4.12
PO-P107-0031,P107,S4,2024-08-06,2024-08-21,2024-08-15,345,98.54
PO-P106-0045,P106,S4,2024-08-07,2024-08-18,2024-08-19,645,20.61
PO-P102-0054,P102,S5,2024-08-10,2024-08-19,2024-08-23,820,7.87
PO-P112-0031,P112,S6,2024-08-10,2024-08-26,2024-08-28,495,131.86
PO-P101-0095,P101,S3,2024-08-12,2024-08-17,2024-08-17,730,4.22
PO-P103-0049,P103,S5,2024-08-13,2024-08-23,2024-08-23,460,25.45
PO-P104-0042,P104,S4,2024-08-13,2024-08-25,2024-08-23,1055,56.15
PO-P109-0032,P109,S2,2024-08-14,2024-08-30,2024-08-25,1020,27.92
PO-P111-0033,P111,S2,2024-08-15,2024-08-30,2024-08-28,1990,69.46
PO-P101-0096,P101,S3,2024-08-17,2024-08-22,2024-08-26,790,4.35
PO-P108-0027,P108,S6,2024-08-18,2024-09-05,2024-09-03,250,402.85
PO-P105-0036,P105,S4,2024-08-18,2024-09-01,2024-08-27,385,145.6
PO-P110-0029,P110,S2,2024-08-19,2024-09-06,2024-09-21,420,163.23
PO-P106-0046,P106,S4,2024-08-20,2024-08-31,2024-08-29,625,19.14
PO-P107-0032,P107,S4,2024-08-22,2024-09-06,2024-09-04,360,96.78
PO-P102-0055,P102,S5,2024-08-23,2024-09-01,2024-08-28,770,7.88
PO-P101-0097,P101,S3,2024-08-26,2024-08-31,2024-08-30,795,4.2
PO-P103-0050,P103,S5,2024-08-27,2024-09-06,2024-08-29,435,24.89
PO-P111-0034,P111,S2,2024-08-28,2024-09-12,2024-09-14,1975,67.56
PO-P112-0032,P112,S6,2024-08-28,2024-09-13,2024-09-12,520,134.29
PO-P109-0033,P109,S2,2024-08-29,2024-09-14,2024-09-07,1125,28.25
PO-P106-0047,P106,S4,2024-08-30,2024-09-10,2024-09-11,690,19.51
PO-P104-0043,P104,S4,2024-08-30,2024-09-11,2024-09-08,930,58.37
PO-P101-0098,P101,S3,2024-08-30,2024-09-04,2024-09-03,760,4.21
PO-P105-0037,P105,S4,2024-09-03,2024-09-17,2024-09-15,390,145.24
PO-P108-0028,P108,S6,2024-09-03,2024-09-21,2024-09-17,265,410.91
PO-P102-0056,P102,S5,2024-09-03,2024-09-12,2024-09-11,770,8.16
PO-P101-0099,P101,S3,2024-09-05,2024-09-10,2024-09-11,740,4.2
PO-P103-0051,P103,S5,2024-09-06,2024-09-16,2024-09-17,435,25.08
PO-P107-0033,P107,S4,2024-09-06,2024-09-21,2024-09-20,390,91.23
PO-P102-0057,P102,S5,2024-09-11,2024-09-20,2024-09-17,825,7.66
PO-P104-0044,P104,S4,2024-09-11,2024-09-23,2024-09-24,1030,60.42
PO-P101-0100,P101,S3,2024-09-11,2024-09-16,2024-09-17,735,4.26
PO-P112-0033,P112,S6,2024-09-12,2024-09-28,2024-10-02,560,130.21
PO-P106-0048,P106,S4,2024-09-12,2024-09-23,2024-09-23,670,19.6
PO-P105-0038,P105,S4,2024-09-15,2024-09-29,2024-09-25,450,149.88
PO-P111-0035,P111,S2,2024-09-15,2024-09-30,2024-09-26,1900,70.02
PO-P101-0101,P101,S3,2024-09-17,2024-09-22,2024-09-21,720,4.39
PO-P109-0034,P109,S2,2024-09-17,2024-10-03,2024-10-07,1120,27.29
PO-P103-0052,P103,S5,2024-09-17,2024-09-27,2024-10-03,475,25.85
PO-P102-0058,P102,S5,2024-09-19,2024-09-28,2024-10-01,895,7.78
PO-P110-0030,P110,S2,2024-09-21,2024-10-09,2024-10-13,495,156.52
PO-P108-0029,P108,S6,2024-09-21,2024-10-09,2024-10-14,275,420.84
PO-P101-0102,P101,S3,2024-09-23,2024-09-28,2024-09-27,735,4.15
PO-P107-0034,P107,S4,2024-09-24,2024-10-09,2024-10-05,385,99.56
PO-P104-0045,P104,S4,2024-09-24,2024-10-06,2024-10-03,1035,56.78
PO-P106-0049,P106,S4,2024-09-26,2024-10-07,2024-10-05,665,19.53
PO-P111-0036,P111,S2,2024-09-27,2024-10-12,2024-10-13,2150,68.53
PO-P101-0103,P101,S3,2024-09-29,2024-10-04,2024-10-08,735,4.22
PO-P102-0059,P102,S5,2024-10-01,2024-10-10,2024-10-09,835,7.94
PO-P112-0034,P112,S6,2024-10-02,2024-10-18,2024-10-16,590,128.51
PO-P105-0039,P105,S4,2024-10-02,2024-10-16,2024-10-15,435,146.93
PO-P103-0053,P103,S5,2024-10-03,2024-10-13,2024-10-12,465,25.65
PO-P104-0046,P104,S4,2024-10-04,2024-10-16,2024-10-13,1155,58.11
PO-P109-0035,P109,S2,2024-10-07,2024-10-23,2024-10-30,1330,27.95
PO-P101-0104,P101,S3,2024-10-08,2024-10-13,2024-10-17,710,4.3
PO-P106-0050,P106,S4,2024-10-08,2024-10-19,2024-10-18,700,20.23
PO-P107-0035,P107,S4,2024-10-10,2024-10-25,2024-10-23,420,96.53
PO-P102-0060,P102,S5,2024-10-10,2024-10-19,2024-10-17,885,7.89
PO-P103-0054,P103,S5,2024-10-12,2024-10-22,2024-10-23,525,25.74
PO-P110-0031,P110,S2,2024-10-13,2024-10-31,2024-10-26,495,161.64
PO-P111-0037,P111,S2,2024-10-13,2024-10-28,2024-10-26,2330,71.06
PO-P108-0030,P108,S6,2024-10-14,2024-11-01,2024-10-23,290,432.29
PO-P105-0040,P105,S4,2024-10-15,2024-10-29,2024-10-26,530,155.95
PO-P112-0035,P112,S6,2024-10-17,2024-11-02,2024-11-02,595,132.65
PO-P104-0047,P104,S4,2024-10-17,2024-10-29,2024-10-31,1180,58.58
PO-P101-0105,P101,S3,2024-10-17,2024-10-22,2024-10-23,710,4.23
PO-P106-0051,P106,S4,2024-10-19,2024-10-30,2024-10-31,705,20.32
PO-P102-0061,P102,S5,2024-10-20,2024-10-29,2024-10-28,940,7.8
PO-P101-0106,P101,S3,2024-10-23,2024-10-28,2024-10-29,740,4.15
PO-P103-0055,P103,S5,2024-10-24,2024-11-03,2024-11-01,470,24.69
PO-P108-0031,P108,S6,2024-10-25,2024-11-12,2024-11-19,335,422.85
PO-P107-0036,P107,S4,2024-10-28,2024-11-12,2024-11-12,415,91.15
PO-P101-0107,P101,S3,2024-10-29,2024-11-03,2024-11-05,725,4.27
PO-P111-0038,P111,S2,2024-10-29,2024-11-13,2024-11-16,2375,72.43
PO-P109-0036,P109,S2,2024-10-30,2024-11-15,2024-11-10,1435,28.86
PO-P110-0032,P110,S2,2024-10-31,2024-11-18,2024-11-18,505,168.43
PO-P106-0052,P106,S4,2024-10-31,2024-11-11,2024-11-09,740,19.53
PO-P102-0062,P102,S5,2024-11-01,2024-11-10,2024-11-11,890,7.89
PO-P105-0041,P105,S4,2024-11-01,2024-11-15,2024-11-16,455,146.03
PO-P104-0048,P104,S4,2024-11-13,2024-11-01,2024-11-17,1135,56.11
PO-P112-0036,P112,S6,2024-11-02,2024-11-18,2024-11-18,670,130.73
PO-P101-0108,P101,S3,2024-11-05,2024-11-10,2024-11-10,705,4.2
PO-P103-0056,P103,S5,2024-11-05,2024-11-15,2024-11-11,460,24.69
PO-P101-0109,P101,S3,2024-11-10,2024-11-15,2024-11-16,740,4.06
PO-P106-0053,P106,S4,2024-11-11,2024-11-22,2024-11-22,795,19.95
PO-P102-0063,P102,S5,2024-11-12,2024-11-21,2024-11-22,905,7.69
PO-P109-0037,P109,S2,2024-11-12,2024-11-28,2024-11-28,1510,27.92
PO-P107-0037,P107,S4,2024-11-14,2024-11-29,2024-12-09,415,95.62
PO-P101-0110,P101,S3,2024-11-16,2024-11-21,2024-11-20,740,4.18
PO-P105-0042,P105,S4,2024-11-16,2024-11-30,2024-11-25,480,150.01
PO-P111-0039,P111,S2,2024-11-16,2024-12-01,2024-11-27,2405,71.58
PO-P104-0049,P104,S4,2024-11-17,2024-11-29,2024-12-01,1180,57.12
PO-P103-0057,P103,S5,2024-11-18,2024-11-28,2024-12-01,495,24.96
PO-P108-0032,P108,S6,2024-11-19,2024-12-07,2024-12-11,320,419.62
PO-P110-0033,P110,S2,2024-11-21,2024-12-09,2024-12-07,500,159.75
PO-P101-0111,P101,S3,2024-11-21,2024-11-26,2024-11-23,740,4.26
PO-P106-0054,P106,S4,2024-11-22,2024-12-03,2024-12-07,840,19.32
PO-P112-0037,P112,S6,2024-11-22,2024-12-08,2024-12-06,620,128.15
PO-P102-0064,P102,S5,2024-11-23,2024-12-02,2024-12-03,860,7.58
PO-P101-0112,P101,S3,2024-11-26,2024-12-01,2024-12-01,780,4.29
PO-P105-0043,P105,S4,2024-11-29,2024-12-13,2024-12-10,510,148.06
PO-P111-0040,P111,S2,2024-11-30,2024-12-15,2024-12-08,2540,65.77
PO-P104-0050,P104,S4,2024-12-01,2024-12-13,2024-12-13,1305,57.78
PO-P101-0113,P101,S3,2024-12-01,2024-12-06,2024-12-05,840,4.25
PO-P103-0058,P103,S5,2024-12-01,2024-12-11,2024-12-10,590,25.17
PO-P102-0065,P102,S5,2024-12-03,2024-12-12,2024-12-10,960,7.72
PO-P109-0038,P109,S2,2024-12-04,2024-12-20,2024-12-14,1415,27.28
PO-P101-0114,P101,S3,2024-12-07,2024-12-12,2024-12-12,830,4.19
PO-P106-0055,P106,S4,2024-12-07,2024-12-18,2024-12-27,775,19.48
PO-P107-0038,P107,S4,2024-12-09,2024-12-24,2024-12-20,435,96.95
PO-P112-0038,P112,S6,2024-12-10,2024-12-26,2024-12-21,630,134.79
PO-P108-0033,P108,S6,2024-12-11,2024-12-29,2025-01-04,315,416.75
PO-P110-0034,P110,S2,2024-12-12,2024-12-30,2024-12-24,490,162.01
PO-P103-0059,P103,S5,2024-12-12,2024-12-22,2024-12-18,585,25.64
PO-P105-0044,P105,S4,2024-12-13,2024-12-27,2024-12-28,550,147.48
PO-P104-0051,P104,S4,2024-12-13,2024-12-25,2024-12-21,1395,59.16
PO-P101-0115,P101,S3,2024-12-14,2024-12-19,2024-12-20,740,4.06
PO-P102-0066,P102,S5,2024-12-14,2024-12-23,2024-12-26,850,8.01
PO-P111-0041,P111,S2,2024-12-20,2025-01-04,2025-01-06,2380,70.35
PO-P101-0116,P101,S3,2024-12-20,2024-12-25,2024-12-25,760,4.24
PO-P107-0039,P107,S4,2024-12-20,2025-01-04,2025-01-03,485,95.78
PO-P103-0060,P103,S5,2024-12-23,2025-01-02,2025-01-02,590,25.6
PO-P109-0039,P109,S2,2024-12-23,2025-01-08,2025-01-08,1360,27.99
PO-P101-0117,P101,S3,2024-12-25,2024-12-30,2024-12-30,765,4.27
PO-P104-0052,P104,S4,2024-12-25,2025-01-06,2025-01-05,1415,56.55
PO-P102-0067,P102,S5,2024-12-26,2025-01-04,2025-01-04,900,7.65
PO-P106-0056,P106,S4,2024-12-27,2025-01-07,2025-01-04,810,20.27
PO-P101-0118,P101,S3,2024-12-31,2025-01-05,2025-01-08,785,4.17
PO-P112-0039,P112,S6,2024-12-31,2025-01-16,2025-01-16,595,131.68
PO-P105-0045,P105,S4,2025-01-01,2025-01-15,2025-01-11,520,150.49
PO-P110-0035,P110,S2,2025-01-02,2025-01-20,2025-01-18,485,161.51
PO-P103-0061,P103,S5,2025-01-02,2025-01-12,2025-01-11,580,25.55
PO-P108-0034,P108,S6,2025-01-04,2025-01-22,2025-01-22,305,412.12
PO-P102-0068,P102,S5,2025-01-04,2025-01-13,2025-01-12,980,7.59
PO-P111-0042,P111,S2,2025-01-07,2025-01-22,2025-01-24,2350,70.8
PO-P106-0057,P106,S4,2025-01-08,2025-01-19,2025-01-15,780,19.86
PO-P107-0040,P107,S4,2025-01-08,2025-01-23,2025-01-23,465,96.66
PO-P101-0119,P101,S3,2025-01-08,2025-01-13,2025-01-15,790,4.24
PO-P104-0053,P104,S4,2025-01-09,2025-01-21,2025-01-18,1370,58.4
PO-P109-0040,P109,S2,2025-01-09,2025-01-25,2025-01-22,1365,28.1
PO-P102-0069,P102,S5,2025-01-14,2025-01-23,2025-01-21,915,7.86
PO-P105-0046,P105,S4,2025-01-14,2025-01-28,2025-01-25,580,144.8
PO-P101-0120,P101,S3,2025-01-15,2025-01-20,2025-01-18,870,4.16
PO-P103-0062,P103,S5,2025-01-15,2025-01-25,2025-01-24,550,26.11
PO-P112-0040,P112,S6,2025-01-16,2025-02-01,2025-01-31,645,131.53
PO-P101-0121,P101,S3,2025-01-21,2025-01-26,2025-01-23,840,4.17
PO-P106-0058,P106,S4,2025-01-21,2025-02-01,2025-01-29,765,20.6
PO-P104-0054,P104,S4,2025-01-21,2025-02-02,2025-01-30,1490,58.49
PO-P110-0036,P110,S2,2025-01-22,2025-02-09,2025-02-07,475,161.37
PO-P102-0070,P102,S5,2025-01-23,2025-02-01,2025-02-01,960,7.87
PO-P107-0041,P107,S4,2025-01-23,2025-02-07,2025-02-07,520,92.93
PO-P111-0043,P111,S2,2025-01-24,2025-02-08,2025-02-07,2390,69.46
PO-P108-0035,P108,S6,2025-01-24,2025-02-11,2025-02-20,295,421.22
PO-P103-0063,P103,S5,2025-01-25,2025-02-04,2025-02-03,585,24.97
PO-P101-0122,P101,S3,2025-01-28,2025-02-02,2025-01-30,750,4.32
PO-P109-0041,P109,S2,2025-01-31,2025-02-16,2025-02-09,1240,28.4
PO-P101-0123,P101,S3,2025-02-01,2025-02-06,2025-02-07,790,4.2
PO-P106-0059,P106,S4,2025-02-01,2025-02-12,2025-02-08,800,20.28
PO-P102-0071,P102,S5,2025-02-02,2025-02-11,2025-02-10,980,7.72
PO-P105-0047,P105,S4,2025-02-03,2025-02-17,2025-02-26,520,144.44
PO-P104-0055,P104,S4,2025-02-03,2025-02-15,2025-02-12,1545,57.12
PO-P101-0124,P101,S3,2025-02-07,2025-02-12,2025-02-13,820,4.3
PO-P103-0064,P103,S5,2025-02-07,2025-02-17,2025-02-20,555,24.4
PO-P112-0041,P112,S6,2025-02-08,2025-02-24,2025-02-21,555,130.42
PO-P106-0060,P106,S4,2025-02-11,2025-02-22,2025-02-22,885,20.28
PO-P102-0072,P102,S5,2025-02-12,2025-02-21,2025-02-23,1015,7.82
PO-P107-0042,P107,S4,2025-02-12,2025-02-27,2025-02-23,445,94.6
PO-P101-0125,P101,S3,2025-02-13,2025-02-18,2025-02-16,845,4.24
PO-P111-0044,P111,S2,2025-02-14,2025-03-01,2025-02-23,2145,69.16
PO-P109-0042,P109,S2,2025-02-15,2025-03-03,2025-02-28,1370,27.81
PO-P110-0037,P110,S2,2025-02-17,2025-03-07,2025-03-08,430,157.8
PO-P101-0126,P101,S3,2025-02-18,2025-02-23,2025-02-20,840,4.39
PO-P104-0056,P104,S4,2025-02-19,2025-03-03,2025-02-28,1435,60.73
PO-P103-0065,P103,S5,2025-02-20,2025-03-02,2025-02-27,575,25.59
PO-P108-0036,P108,S6,2025-02-20,2025-03-10,2025-03-10,300,405.08
PO-P101-0127,P101,S3,2025-02-24,2025-03-01,2025-03-01,825,4.22
PO-P102-0073,P102,S5,2025-02-24,2025-03-05,2025-03-08,965,7.8
PO-P105-0048,P105,S4,2025-02-26,2025-03-12,2025-03-10,555,144.27
PO-P112-0042,P112,S6,2025-02-28,2025-03-16,2025-03-18,535,129.96
PO-P106-0061,P106,S4,2025-02-28,2025-03-11,2025-03-13,765,19.66
PO-P107-0043,P107,S4,2025-02-28,2025-03-15,2025-03-12,475,95.71
PO-P101-0128,P101,S3,2025-03-01,2025-03-06,2025-03-06,855,4.13
PO-P103-0066,P103,S5,2025-03-03,2025-03-13,2025-03-11,560,25.55
PO-P104-0057,P104,S4,2025-03-05,2025-03-17,2025-03-18,1435,58.42
PO-P111-0045,P111,S2,2025-03-08,2025-03-23,2025-03-19,1865,67.78
PO-P102-0074,P102,S5,2025-03-08,2025-03-17,2025-03-13,1015,7.79
PO-P101-0129,P101,S3,2025-03-08,2025-03-13,2025-03-11,805,4.32
PO-P108-0037,P108,S6,2025-03-11,2025-03-29,2025-03-26,300,406.18
PO-P110-0038,P110,S2,2025-03-11,2025-03-29,2025-04-10,415,159.3
PO-P109-0043,P109,S2,2025-03-13,2025-03-29,2025-04-11,1155,27.49
PO-P105-0049,P105,S4,2025-03-13,2025-03-27,2025-03-23,515,154.31
PO-P106-0062,P106,S4,2025-03-13,2025-03-24,2025-03-22,810,19.38
PO-P101-0130,P101,S3,2025-03-14,2025-03-19,2025-03-17,780,4.19
PO-P103-0067,P103,S5,2025-03-15,2025-03-25,2025-03-23,540,25.34
PO-P102-0075,P102,S5,2025-03-19,2025-03-28,2025-03-27,990,7.9
PO-P104-0058,P104,S4,2025-03-19,2025-03-31,2025-03-26,1460,55.09
PO-P112-0043,P112,S6,2025-03-19,2025-04-04,2025-03-28,530,132.18
PO-P101-0131,P101,S3,2025-03-19,2025-03-24,2025-03-24,795,4.28
PO-P107-0044,P107,S4,2025-03-21,2025-04-05,2025-04-06,420,96.11
PO-P106-0063,P106,S4,2025-03-24,2025-04-04,2025-04-06,805,19.81
PO-P101-0132,P101,S3,2025-03-25,2025-03-30,2025-03-30,830,4.23
PO-P103-0068,P103,S5,2025-03-25,2025-04-04,2025-04-01,565,25.33
PO-P105-0050,P105,S4,2025-03-26,2025-04-09,2025-04-06,565,148.77
PO-P111-0046,P111,S2,2025-03-27,2025-04-11,2025-03-29,1725,70.06
PO-P102-0076,P102,S5,2025-03-27,2025-04-05,2025-04-02,1010,7.88
PO-P101-0133,P101,S3,2025-03-30,2025-04-04,2025-04-04,855,4.38
PO-P104-0059,P104,S4,2025-04-03,2025-04-15,2025-04-18,1335,58.46
PO-P101-0134,P101,S3,2025-04-04,2025-04-09,2025-04-09,885,4.06
PO-P103-0069,P103,S5,2025-04-05,2025-04-15,2025-04-09,570,25.02
PO-P107-0045,P107,S4,2025-04-06,2025-04-21,2025-04-20,465,96.91
PO-P108-0038,P108,S6,2025-04-06,2025-04-24,2025-04-26,265,421.42
PO-P102-0077,P102,S5,2025-04-08,2025-04-17,2025-04-15,1010,7.79
PO-P106-0064,P106,S4,2025-04-09,2025-04-20,2025-04-20,720,20.68
PO-P101-0135,P101,S3,2025-04-10,2025-04-15,2025-04-14,825,4.22
PO-P110-0039,P110,S2,2025-04-10,2025-04-28,2025-04-27,455,159.62
PO-P112-0044,P112,S6,2025-04-11,2025-04-27,2025-04-21,470,129.46
PO-P111-0047,P111,S2,2025-04-12,2025-04-27,2025-04-15,1815,69.39
PO-P109-0044,P109,S2,2025-04-12,2025-04-28,2025-04-24,1000,28.07
PO-P105-0051,P105,S4,2025-04-16,2025-04-30,2025-04-27,500,146.67
PO-P103-0070,P103,S5,2025-04-17,2025-04-27,2025-04-29,575,24.98
PO-P101-0136,P101,S3,2025-04-17,2025-04-22,2025-04-19,815,4.15
PO-P102-0078,P102,S5,2025-04-17,2025-04-26,2025-04-22,1025,7.83
PO-P104-0060,P104,S4,2025-04-18,2025-04-30,2025-04-29,1355,57.75
PO-P106-0065,P106,S4,2025-04-20,2025-05-01,2025-05-04,765,19.77
PO-P101-0137,P101,S3,2025-04-23,2025-04-28,2025-04-29,825,4.22
PO-P107-0046,P107,S4,2025-04-25,2025-05-10,2025-05-08,425,95.15
PO-P108-0039,P108,S6,2025-04-28,2025-05-16,2025-05-12,255,421.36
PO-P101-0138,P101,S3,2025-04-29,2025-05-04,2025-05-05,870,4.12
PO-P103-0071,P103,S5,2025-04-29,2025-05-09,2025-05-07,580,25.15
PO-P109-0045,P109,S2,2025-04-29,2025-05-15,2025-05-14,1060,27.93
PO-P102-0079,P102,S5,2025-04-30,2025-05-09,2025-05-06,935,7.51
PO-P104-0061,P104,S4,2025-04-30,2025-05-12,2025-05-16,1455,57.35
PO-P112-0045,P112,S6,2025-05-01,2025-05-17,2025-05-14,450,133.83
PO-P111-0048,P111,S2,2025-05-02,2025-05-17,2025-05-11,1685,71.02
PO-P105-0052,P105,S4,2025-05-03,2025-05-17,2025-05-15,480,147.93
PO-P101-0139,P101,S3,2025-05-05,2025-05-10,2025-05-09,880,4.09
PO-P106-0066,P106,S4,2025-05-06,2025-05-17,2025-05-17,685,20.61
PO-P110-0040,P110,S2,2025-05-07,2025-05-25,2025-05-21,355,158.61
PO-P103-0072,P103,S5,2025-05-08,2025-05-18,2025-05-23,620,24.97
PO-P102-0080,P102,S5,2025-05-09,2025-05-18,2025-05-15,960,8.15
PO-P101-0140,P101,S3,2025-05-09,2025-05-14,2025-05-12,835,4.15
PO-P107-0047,P107,S4,2025-05-15,2025-05-30,2025-05-27,395,97.33
PO-P101-0141,P101,S3,2025-05-16,2025-05-21,2025-05-20,805,4.14
PO-P104-0062,P104,S4,2025-05-19,2025-05-31,2025-05-26,1190,57.92
PO-P105-0053,P105,S4,2025-05-19,2025-06-02,2025-06-04,535,151.23
PO-P108-0040,P108,S6,2025-05-20,2025-06-07,2025-06-06,245,410.76
PO-P106-0067,P106,S4,2025-05-20,2025-05-31,2025-06-03,655,19.84
PO-P109-0046,P109,S2,2025-05-20,2025-06-05,2025-06-04,1020,28.52
PO-P102-0081,P102,S5,2025-05-20,2025-05-29,2025-05-30,1070,7.73
PO-P101-0142,P101,S3,2025-05-26,2025-05-21,2025-05-26,825,4.14
PO-P111-0049,P111,S2,2025-05-22,2025-06-06,2025-06-01,1615,70.04
PO-P112-0046,P112,S6,2025-05-22,2025-06-07,2025-06-03,430,138.27
PO-P103-0073,P103,S5,2025-05-23,2025-06-02,2025-06-02,540,25.61
PO-P101-0143,P101,S3,2025-05-27,2025-06-01,2025-06-03,825,4.14
PO-P110-0041,P110,S2,2025-05-27,2025-06-14,2025-06-10,365,161.84
PO-P102-0082,P102,S5,2025-05-31,2025-06-09,2025-06-06,980,7.77
PO-P104-0063,P104,S4,2025-06-02,2025-06-14,2025-06-09,1170,56.52
PO-P101-0144,P101,S3,2025-06-03,2025-06-08,2025-06-09,830,4.15
PO-P106-0068,P106,S4,2025-06-03,2025-06-14,2025-06-11,630,19.81
PO-P107-0048,P107,S4,2025-06-03,2025-06-18,2025-06-18,380,95.26
PO-P109-0047,P109,S2,2025-06-04,2025-06-20,2025-06-17,1100,26.75
PO-P103-0074,P103,S5,2025-06-05,2025-06-15,2025-06-10,515,25.4
PO-P111-0050,P111,S2,2025-06-05,2025-06-20,2025-06-16,1775,70.12
PO-P112-0047,P112,S6,2025-06-05,2025-06-21,2025-06-20,490,131.75
PO-P105-0054,P105,S4,2025-06-06,2025-06-20,2025-06-21,460,146.14
PO-P101-0145,P101,S3,2025-06-09,2025-06-14,2025-06-13,820,4.32
PO-P108-0041,P108,S6,2025-06-09,2025-06-27,2025-06-25,245,417.45
PO-P106-0069,P106,S4,2025-06-12,2025-06-23,2025-06-25,690,18.86
PO-P101-0146,P101,S3,2025-06-13,2025-06-18,2025-06-17,865,4.21
PO-P102-0083,P102,S5,2025-06-13,2025-06-22,2025-06-27,860,7.53
PO-P104-0064,P104,S4,2025-06-14,2025-06-26,2025-06-25,1225,57.42
PO-P110-0042,P110,S2,2025-06-16,2025-07-04,2025-06-30,380,158.64
PO-P103-0075,P103,S5,2025-06-18,2025-06-28,2025-07-01,495,25.87
PO-P107-0049,P107,S4,2025-06-18,2025-07-03,2025-07-07,400,96.22
PO-P101-0147,P101,S3,2025-06-18,2025-06-23,2025-06-21,880,4.2
PO-P111-0051,P111,S2,2025-06-22,2025-07-07,2025-07-05,1820,70.97
PO-P101-0148,P101,S3,2025-06-23,2025-06-28,2025-06-29,950,4.26
PO-P109-0048,P109,S2,2025-06-24,2025-07-10,2025-07-08,1090,27.35
PO-P112-0048,P112,S6,2025-06-25,2025-07-11,2025-07-12,485,129.35
PO-P105-0055,P105,S4,2025-06-26,2025-07-10,2025-07-07,410,147.21
PO-P102-0084,P102,S5,2025-06-27,2025-07-06,2025-07-04,935,7.79
PO-P106-0070,P106,S4,2025-06-27,2025-07-08,2025-07-03,635,19.64
PO-P101-0149,P101,S3,2025-06-29,2025-07-04,2025-07-08,940,4.18
PO-P104-0065,P104,S4,2025-07-01,2025-07-13,2025-07-20,1095,59.23
PO-P103-0076,P103,S5,2025-07-01,2025-07-11,2025-07-10,540,23.66
PO-P108-0042,P108,S6,2025-07-02,2025-07-20,2025-07-14,225,408.62
PO-P110-0043,P110,S2,2025-07-05,2025-07-23,2025-07-21,380,163.75
PO-P102-0085,P102,S5,2025-07-07,2025-07-16,2025-07-15,865,7.86
PO-P101-0150,P101,S3,2025-07-08,2025-07-13,2025-07-13,940,4.25
PO-P107-0050,P107,S4,2025-07-09,2025-07-24,2025-07-25,365,91.95
PO-P111-0052,P111,S2,2025-07-10,2025-07-25,2025-07-17,1785,72.99
PO-P106-0071,P106,S4,2025-07-10,2025-07-21,2025-07-21,620,19.42
PO-P103-0077,P103,S5,2025-07-11,2025-07-21,2025-07-16,495,25.14
PO-P112-0049,P112,S6,2025-07-12,2025-07-28,2025-07-25,495,131.25
PO-P105-0056,P105,S4,2025-07-14,2025-07-28,2025-07-27,410,149.56
PO-P101-0151,P101,S3,2025-07-14,2025-07-19,2025-07-18,890,4.12
PO-P109-0049,P109,S2,2025-07-15,2025-07-31,2025-08-10,1050,28.58
PO-P102-0086,P102,S5,2025-07-17,2025-07-26,2025-07-23,850,7.9
PO-P108-0043,P108,S6,2025-07-17,2025-08-04,2025-08-09,255,414.62
PO-P104-0066,P104,S4,2025-07-20,2025-08-01,2025-07-30,1055,57.35
PO-P110-0044,P110,S2,2025-07-21,2025-08-08,2025-07-31,440,159.46
PO-P101-0152,P101,S3,2025-07-22,2025-07-27,2025-07-28,785,4.34
PO-P106-0072,P106,S4,2025-07-23,2025-08-03,2025-07-31,615,19.68
PO-P103-0078,P103,S5,2025-07-24,2025-08-03,2025-08-04,485,24.62
PO-P107-0051,P107,S4,2025-07-25,2025-08-09,2025-08-06,405,96.15
PO-P111-0053,P111,S2,2025-07-26,2025-08-10,2025-08-05,1855,71.27
PO-P102-0087,P102,S5,2025-07-28,2025-08-06,2025-08-05,865,7.64
PO-P101-0153,P101,S3,2025-07-28,2025-08-02,2025-08-01,850,4.4
PO-P112-0050,P112,S6,2025-07-29,2025-08-14,2025-08-19,520,131.79
PO-P105-0057,P105,S4,2025-07-29,2025-08-12,2025-08-08,415,147.39
PO-P104-0067,P104,S4,2025-07-30,2025-08-11,2025-08-08,1150,57.76
PO-P101-0154,P101,S3,2025-08-01,2025-08-06,2025-08-04,890,4.21
PO-P103-0079,P103,S5,2025-08-04,2025-08-14,2025-08-12,505,25.29
PO-P106-0073,P106,S4,2025-08-05,2025-08-16,2025-08-14,635,19.51
PO-P107-0052,P107,S4,2025-08-07,2025-08-22,2025-08-20,440,92.24
PO-P101-0155,P101,S3,2025-08-07,2025-08-12,2025-08-13,875,4.2
PO-P111-0054,P111,S2,2025-08-08,2025-08-23,2025-08-24,2185,70.59
PO-P110-0045,P110,S2,2025-08-08,2025-08-26,2025-08-25,455,168.47
PO-P108-0044,P108,S6,2025-08-09,2025-08-27,2025-08-25,265,417.42
PO-P102-0088,P102,S5,2025-08-09,2025-08-18,2025-08-24,800,7.85
PO-P109-0050,P109,S2,2025-08-10,2025-08-26,2025-08-29,1175,27.79
PO-P101-0156,P101,S3,2025-08-13,2025-08-18,2025-08-20,825,4.12
PO-P105-0058,P105,S4,2025-08-14,2025-08-28,2025-08-29,415,149.6
PO-P103-0080,P103,S5,2025-08-14,2025-08-24,2025-08-21,515,24.86
PO-P104-0068,P104,S4,2025-08-14,2025-08-26,2025-08-27,1095,55.79
PO-P106-0074,P106,S4,2025-08-18,2025-08-29,2025-08-27,635,20.22
PO-P112-0051,P112,S6,2025-08-19,2025-09-04,2025-09-07,555,127.68
PO-P101-0157,P101,S3,2025-08-20,2025-08-25,2025-08-24,795,4.12
PO-P102-0089,P102,S5,2025-08-24,2025-09-02,2025-09-03,800,7.95
PO-P108-0045,P108,S6,2025-08-25,2025-09-12,2025-09-03,290,421.1
PO-P101-0158,P101,S3,2025-08-25,2025-08-30,2025-08-29,815,4.08
PO-P111-0055,P111,S2,2025-08-26,2025-09-10,2025-09-09,2100,70.16
PO-P107-0053,P107,S4,2025-08-26,2025-09-10,2025-09-14,420,95.18
PO-P103-0081,P103,S5,2025-08-27,2025-09-06,2025-09-03,505,25.72
PO-P105-0059,P105,S4,2025-08-29,2025-09-12,2025-09-10,420,143.27
PO-P104-0069,P104,S4,2025-08-29,2025-09-10,2025-09-09,1070,57.56
PO-P109-0051,P109,S2,2025-08-29,2025-09-14,2025-09-20,1170,27.92
PO-P101-0159,P101,S3,2025-08-29,2025-09-03,2025-09-02,860,4.17
PO-P106-0075,P106,S4,2025-08-29,2025-09-09,2025-09-08,655,19.44
PO-P110-0046,P110,S2,2025-08-30,2025-09-17,2025-09-10,435,159.7
PO-P102-0090,P102,S5,2025-09-03,2025-09-12,2025-09-11,805,7.71
PO-P101-0160,P101,S3,2025-09-05,2025-09-10,2025-09-12,840,4.14
PO-P112-0052,P112,S6,2025-09-07,2025-09-23,2025-09-28,665,126.04
PO-P103-0082,P103,S5,2025-09-10,2025-09-20,2025-09-19,455,25.64
PO-P111-0056,P111,S2,2025-09-10,2025-09-25,2025-09-22,2225,71.62
PO-P104-0070,P104,S4,2025-09-10,2025-09-22,2025-09-23,1225,56.75
PO-P106-0076,P106,S4,2025-09-11,2025-09-22,2025-09-21,635,19.41
PO-P101-0161,P101,S3,2025-09-12,2025-09-17,2025-09-17,745,4.16
PO-P102-0091,P102,S5,2025-09-12,2025-09-21,2025-09-20,795,7.73
PO-P107-0054,P107,S4,2025-09-15,2025-09-30,2025-09-26,405,97.69
PO-P108-0046,P108,S6,2025-09-15,2025-10-03,2025-09-29,285,418.59
PO-P105-0060,P105,S4,2025-09-15,2025-09-29,2025-10-03,435,150.35
PO-P110-0047,P110,S2,2025-09-17,2025-10-05,2025-10-07,485,165.98
PO-P101-0162,P101,S3,2025-09-17,2025-09-22,2025-09-22,760,4.23
PO-P109-0052,P109,S2,2025-09-20,2025-10-06,2025-10-17,1345,27.93
PO-P102-0092,P102,S5,2025-09-22,2025-10-01,2025-09-28,860,7.54
PO-P103-0083,P103,S5,2025-09-22,2025-10-02,2025-10-08,465,25.8
PO-P106-0077,P106,S4,2025-09-22,2025-10-03,2025-10-02,730,19.56
PO-P104-0071,P104,S4,2025-09-23,2025-10-05,2025-10-04,1220,56.99
PO-P101-0163,P101,S3,2025-09-23,2025-09-28,2025-09-29,790,4.05
PO-P111-0057,P111,S2,2025-09-26,2025-10-11,2025-10-08,2300,69.92
PO-P112-0053,P112,S6,2025-09-28,2025-10-14,2025-10-07,670,127.82
PO-P101-0164,P101,S3,2025-09-29,2025-10-04,2025-10-04,830,4.18
PO-P107-0055,P107,S4,2025-10-01,2025-10-16,2025-10-11,400,95.72
PO-P106-0078,P106,S4,2025-10-02,2025-10-13,2025-10-12,835,19.32
PO-P105-0061,P105,S4,2025-10-03,2025-10-17,2025-10-15,470,146.42
PO-P101-0165,P101,S3,2025-10-04,2025-10-09,2025-10-10,815,4.08
PO-P102-0093,P102,S5,2025-10-06,2025-10-15,2025-10-14,745,7.64
PO-P108-0047,P108,S6,2025-10-06,2025-10-24,2025-10-22,290,422.51
PO-P110-0048,P110,S2,2025-10-07,2025-10-25,2025-10-27,540,171.36
PO-P103-0084,P103,S5,2025-10-08,2025-10-18,2025-10-28,515,25.19
PO-P104-0072,P104,S4,2025-10-09,2025-10-21,2025-10-22,1125,60.61
PO-P101-0166,P101,S3,2025-10-10,2025-10-15,2025-10-15,795,4.18
PO-P112-0054,P112,S6,2025-10-13,2025-10-29,2025-11-01,705,133.5
PO-P111-0058,P111,S2,2025-10-13,2025-10-28,2025-10-26,2375,72.51
PO-P102-0094,P102,S5,2025-10-14,2025-10-23,2025-10-21,835,7.86
PO-P101-0167,P101,S3,2025-10-16,2025-10-21,2025-10-22,780,4.09
PO-P105-0062,P105,S4,2025-10-16,2025-10-30,2025-10-28,470,149.35
PO-P109-0053,P109,S2,2025-10-17,2025-11-02,2025-11-01,1365,28.87
PO-P107-0056,P107,S4,2025-11-01,2025-10-17,2025-10-29,410,94.5
PO-P106-0079,P106,S4,2025-10-18,2025-10-29,2025-10-26,725,19.74
PO-P104-0073,P104,S4,2025-10-22,2025-11-03,2025-11-08,1215,59.19
PO-P101-0168,P101,S3,2025-10-22,2025-10-27,2025-10-25,795,4.17
PO-P108-0048,P108,S6,2025-10-23,2025-11-10,2025-11-04,315,419.14
PO-P102-0095,P102,S5,2025-10-24,2025-11-02,2025-11-03,815,7.73
PO-P110-0049,P110,S2,2025-10-27,2025-11-14,2025-11-15,580,162.59
PO-P101-0169,P101,S3,2025-10-28,2025-11-02,2025-11-03,805,4.24
PO-P103-0085,P103,S5,2025-10-28,2025-11-07,2025-11-10,520,24.86
PO-P111-0059,P111,S2,2025-10-30,2025-11-14,2025-11-13,2315,70.93
PO-P106-0080,P106,S4,2025-10-30,2025-11-10,2025-11-09,735,19.65
PO-P105-0063,P105,S4,2025-10-31,2025-11-14,2025-11-16,485,148.98
PO-P112-0055,P112,S6,2025-11-01,2025-11-17,2025-11-18,695,133.38
PO-P109-0054,P109,S2,2025-11-01,2025-11-17,2025-11-10,1410,27.69
PO-P107-0057,P107,S4,2025-11-03,2025-11-18,2025-11-21,440,95.58
PO-P102-0096,P102,S5,2025-11-03,2025-11-12,2025-11-13,840,7.68
PO-P101-0170,P101,S3,2025-11-03,2025-11-08,2025-11-08,810,4.13
PO-P101-0171,P101,S3,2025-11-08,2025-11-13,2025-11-14,830,4.27
PO-P104-0074,P104,S4,2025-11-08,2025-11-20,2025-11-22,1300,64.51
PO-P103-0086,P103,S5,2025-11-10,2025-11-20,2025-11-18,510,25.03
PO-P106-0081,P106,S4,2025-11-12,2025-11-23,2025-11-23,720,19.76
PO-P102-0097,P102,S5,2025-11-13,2025-11-22,2025-11-24,845,7.89
PO-P101-0172,P101,S3,2025-11-14,2025-11-19,2025-11-20,825,4.19
PO-P108-0049,P108,S6,2025-11-14,2025-12-02,2025-11-26,310,410.21
PO-P111-0060,P111,S2,2025-11-14,2025-11-29,2025-11-28,2505,70.86
PO-P110-0050,P110,S2,2025-11-15,2025-12-03,2025-12-17,565,163.53
PO-P105-0064,P105,S4,2025-11-17,2025-12-01,2025-12-05,485,151.19
PO-P109-0055,P109,S2,2025-11-18,2025-12-04,2025-12-08,1470,28.13
PO-P112-0056,P112,S6,2025-11-19,2025-12-05,2025-12-05,705,129.19
PO-P101-0173,P101,S3,2025-11-20,2025-11-25,2025-11-25,820,4.23
PO-P103-0087,P103,S5,2025-11-20,2025-11-30,2025-12-01,495,24.24
PO-P107-0058,P107,S4,2025-11-21,2025-12-06,2025-12-07,480,97.05
PO-P104-0075,P104,S4,2025-11-22,2025-12-04,2025-12-02,1535,68.34
PO-P106-0082,P106,S4,2025-11-23,2025-12-04,2025-12-04,795,20.04
PO-P102-0098,P102,S5,2025-11-24,2025-12-03,2025-12-05,890,8.01
PO-P101-0174,P101,S3,2025-11-26,2025-12-01,2025-11-30,780,4.26
PO-P111-0061,P111,S2,2025-11-28,2025-12-13,2025-12-02,2855,69.14
PO-P104-0076,P104,S4,2025-12-02,2025-12-14,2025-12-19,1625,67.76
PO-P101-0175,P101,S3,2025-12-02,2025-12-07,2025-12-07,790,4.19
PO-P103-0088,P103,S5,2025-12-02,2025-12-12,2025-12-09,515,25.3
PO-P108-0050,P108,S6,2025-12-03,2025-12-21,2025-12-23,330,410.75
PO-P106-0083,P106,S4,2025-12-04,2025-12-15,2025-12-10,885,20.05
PO-P105-0065,P105,S4,2025-12-05,2025-12-19,2025-12-27,520,148.54
PO-P102-0099,P102,S5,2025-12-05,2025-12-14,2025-12-14,865,7.86
PO-P101-0176,P101,S3,2025-12-07,2025-12-12,2025-12-12,815,4.21
PO-P107-0059,P107,S4,2025-12-08,2025-12-23,2025-12-15,460,97.09
PO-P109-0056,P109,S2,2025-12-08,2025-12-24,2025-12-22,1485,28.87
PO-P112-0057,P112,S6,2025-12-09,2025-12-25,2025-12-25,685,134.46
PO-P103-0089,P103,S5,2025-12-12,2025-12-22,2025-12-23,525,24.78
PO-P101-0177,P101,S3,2025-12-18,2025-12-13,2025-12-19,805,4.21
PO-P102-0100,P102,S5,2025-12-14,2025-12-23,2025-12-22,950,7.86
PO-P106-0084,P106,S4,2025-12-16,2025-12-27,2025-12-26,8425,19.77
PO-P110-0051,P110,S2,2025-12-17,2026-01-04,,605,159.18
PO-P101-0178,P101,S3,2025-12-19,2025-12-24,2025-12-25,805,4.22
PO-P104-0077,P104,S4,2025-12-19,2025-12-31,2025-12-31,1885,65.36
PO-P111-0062,P111,S2,2025-12-19,2026-01-03,,2500,69.22
PO-P103-0090,P103,S5,2025-12-23,2026-01-02,,535,24.6
PO-P102-0101,P102,S5,2025-12-23,2026-01-01,2025-12-31,970,7.55
PO-P108-0051,P108,S6,2025-12-24,2026-01-11,,335,417.87
PO-P107-0060,P107,S4,2025-12-24,2026-01-08,,480,93.33
PO-P101-0179,P101,S3,2025-12-25,2025-12-30,2025-12-29,810,4.12
PO-P109-0057,P109,S2,2025-12-26,2026-01-11,,1430,27.31
PO-P112-0058,P112,S6,2025-12-26,2026-01-11,,690,125.09
PO-P105-0066,P105,S4,2025-12-27,2026-01-10,,550,149.22
PO-P101-0180,P101,S3,2025-12-29,2026-01-03,,895,4.09
PO-P104-0078,P104,S4,2025-12-31,2026-01-12,,2065,67.95
